{
  "train_losses": [
    0.269129264064961,
    0.1764774171428548,
    0.1351190345465309,
    0.12793414367155898,
    0.10902171623375681,
    0.09341015765029523,
    0.09404483002920945,
    0.08568001354837583,
    0.08451786774417593,
    0.08261786478882034,
    0.07810375560075045,
    0.0728865322501709,
    0.07280077679186231,
    0.06616188120096922,
    0.07066775286673671,
    0.06374830887135532,
    0.0644296519846345,
    0.039342080501632556,
    0.04232163799719678,
    0.03818871159132363,
    0.03586037240974191,
    0.024875900278049003,
    0.024207092918610822,
    0.026662245916668326,
    0.030499793178427756,
    0.029581405720414802,
    0.02247761416624093,
    0.026783819936099462,
    0.03577582610564099,
    0.02879561157250363
  ],
  "val_losses": [
    0.24698353434602419,
    0.10863403168817361,
    0.10224020124102633,
    0.1133219895677434,
    0.12728421431448725,
    0.09276957111433148,
    0.22952493197388119,
    0.08143461438723737,
    0.07097855826011962,
    0.07943939645257261,
    0.049908393838753305,
    0.07042273299561606,
    0.07545287710511023,
    0.05363670224323869,
    0.06651363314853774,
    0.05357434548851517,
    0.051141280887855425,
    0.025160280496088996,
    0.025886425030572962,
    0.05062916698969073,
    0.022655065934587684,
    0.019190007898335654,
    0.024089131543102365,
    0.04048617515299055,
    0.03360740519646141,
    0.019825892109009955,
    0.029827048484649923,
    0.018635237253167562,
    0.04304737395917376,
    0.020183349202852696
  ],
  "config": {
    "model": "resnet50",
    "batch_size": 32,
    "learning_rate": 0.0005,
    "epochs": 30,
    "pretrained": true,
    "dropout": 0.5,
    "weight_decay": 0.0001
  }
}